"1","bitcoin"
"2","litecoin"
"3","namecoin"
"4","terracoin"
"5","peercoin"
"6","novacoin"
"8","feathercoin"
"9","mincoin"
"10","freicoin"
"13","ixcoin"
"14","bitbar"
"18","digitalcoin"
"25","goldcoin"
"35","phoenixcoin"
"37","megacoin"
"41","infinitecoin"
"42","primecoin"
"43","anoncoin"
"45","casinocoin"
"50","emerald"
"52","ripple"
"53","quark"
"56","zetacoin"
"58","sexcoin"
"61","tagcoin"
"64","flo"
"66","nxt"
"67","unobtanium"
"69","datacoin"
"72","deutsche-emark"
"74","dogecoin"
"77","diamond"
"80","orbitcoin"
"83","omni"
"87","fedoracoin"
"89","mooncoin"
"90","dimecoin"
"93","42-coin"
"99","vertcoin"
"109","digibyte"
"113","smartcoin"
"118","reddcoin"
"122","potcoin"
"125","blakecoin"
"128","maxcoin"
"131","dash"
"132","counterparty"
"141","mintcoin"
"145","dopecoin"
"148","auroracoin"
"151","pesetacoin"
"159","cashcoin"
"161","pandacoin-pnd"
"168","uniform-fiscal-object"
"170","blackcoin"
"175","photon"
"181","zeitcoin"
"182","myriad"
"184","dnotes"
"201","einsteinium"
"205","bitcoin-scrypt"
"212","eccoin"
"213","monacoin"
"215","rubycoin"
"217","belacoin"
"233","solarcoin"
"234","e-gulden"
"254","gulden"
"258","groestlcoin"
"260","petrodollar"
"263","plncoin"
"268","whitecoin"
"275","popularcoin"
"276","bitstar"
"278","quebecoin"
"290","bluecoin"
"291","maidsafecoin"
"293","bitcoin-plus"
"295","btctalkcoin"
"298","newyorkcoin"
"313","pinkcoin"
"316","dreamcoin"
"322","energycoin"
"323","vericoin"
"328","monero"
"331","litecoin-plus"
"333","curecoin"
"341","supercoin"
"350","boostcoin"
"360","motocoin"
"362","cloakcoin"
"366","bitsend"
"367","coin2-1"
"372","bytecoin-bcn"
"377","nav-coin"
"389","startcoin"
"405","digitalnote"
"406","boolberry"
"416","hempcoin"
"448","stealth"
"460","clams"
"463","bitshares"
"470","viacoin"
"495","iocoin"
"501","cryptonite"
"502","carboncoin"
"506","cannabiscoin"
"512","stellar"
"513","titcoin"
"520","virtacoin"
"536","joincoin"
"541","syscoin"
"558","emercoin"
"572","rabbitcoin"
"573","burst"
"576","gamecredits"
"584","native-coin"
"588","ubiq"
"597","opal"
"601","acoin"
"623","bitusd"
"624","bitcny"
"625","bitbtc"
"626","nubits"
"629","magi"
"633","exclusivecoin"
"638","trollcoin"
"644","globalboost-y"
"656","prime-xi"
"693","verge"
"699","nushares"
"702","spreadcoin"
"703","rimbit"
"706","monetaryunit"
"707","blocknet"
"720","crown"
"723","bitbay"
"730","gcn-coin"
"733","quotient"
"760","okcash"
"764","paycoin2"
"778","bitgold"
"789","nexus"
"799","smileycoin"
"813","bitsilver"
"815","kobocoin"
"819","bean-cash"
"823","geocoin"
"825","tether"
"831","wild-beast-block"
"833","gridcoin"
"837","x-coin"
"853","litedoge"
"857","songcoin"
"869","crave"
"873","nem"
"894","neutron"
"895","xaurum"
"898","californium"
"911","advanced-internet-blocks"
"914","sphere"
"916","mediccoin"
"918","bubble"
"920","bitshares-music"
"921","universal-currency"
"934","parkbyte"
"938","arbit"
"945","bata"
"948","audiocoin"
"951","synergy"
"954","biteur"
"960","fujicoin"
"977","gravitycoin"
"978","ratecoin"
"986","crevacoin"
"990","bitzeny"
"993","bowscoin"
"1004","helleniccoin"
"1008","capricoin"
"1019","manna"
"1020","axiom"
"1022","leocoin"
"1026","aeon"
"1027","ethereum"
"1032","transfercoin"
"1033","guccionecoin"
"1035","amsterdamcoin"
"1037","agoras-tokens"
"1038","eurocoin"
"1042","siacoin"
"1044","global-currency-reserve"
"1050","shift"
"1052","vector"
"1053","bolivarcoin"
"1063","bitcrystals"
"1066","pakcoin"
"1070","expanse"
"1082","sibcoin"
"1085","swing"
"1087","factom"
"1089","parallelcoin"
"1090","save-and-gain"
"1104","augur"
"1106","stronghands"
"1107","pac-global"
"1109","1337coin"
"1113","secretcoin"
"1120","draftcoin"
"1123","obits"
"1125","synereo"
"1135","clubcoin"
"1136","adzcoin"
"1141","moin"
"1146","avatarcoin"
"1148","evergreencoin"
"1153","creditbit"
"1154","radium"
"1155","litecred"
"1156","yocoin"
"1159","salus"
"1164","francs"
"1165","evil-coin"
"1168","decred"
"1169","pivx"
"1172","safex-token"
"1175","rubies"
"1185","trumpcoin"
"1191","memetic"
"1194","independent-money-system"
"1200","nevacoin"
"1206","bumbacoin"
"1209","posex"
"1210","cabbage"
"1212","mojocoin"
"1214","lisk"
"1216","edrcoin"
"1218","postcoin"
"1223","berncash"
"1229","digixdao"
"1230","steem"
"1238","espers"
"1241","fuzzballs"
"1244","hicoin"
"1247","aquariuscoin"
"1248","bitcoin-21"
"1249","elcoin-el"
"1250","zurcoin"
"1252","2give"
"1254","platinumbar"
"1257","lanacoin"
"1259","ponzicoin"
"1266","martexcoin"
"1273","citadel"
"1274","waves"
"1276","ico-openledger"
"1279","powercoin"
"1282","high-voltage"
"1285","goldblocks"
"1291","comet"
"1294","rise"
"1297","chesscoin"
"1298","library-credit"
"1299","putincoin"
"1306","cryptojacks"
"1308","heat-ledger"
"1312","steem-dollars"
"1320","ardor"
"1321","ethereum-classic"
"1323","first-bitcoin"
"1334","elementrem"
"1340","karbo"
"1343","stratis"
"1351","aces"
"1353","tajcoin"
"1358","edc-blockchain"
"1367","experience-points"
"1368","veltor"
"1371","b3coin"
"1376","neo"
"1380","lomocoin"
"1381","bitcloud"
"1382","nolimitcoin"
"1387","veriumreserve"
"1389","zayedcoin"
"1392","pluton"
"1393","tellurion"
"1395","dollarcoin"
"1396","mustangcoin"
"1398","proud-money"
"1403","firstblood"
"1405","pepe-cash"
"1409","singulardtv"
"1414","zcoin"
"1434","arcticcoin"
"1437","zcash"
"1439","allsafe"
"1447","zclassic"
"1454","lykke"
"1455","golem-network-tokens"
"1464","internet-of-people"
"1465","veros"
"1466","hush"
"1468","kurrent"
"1473","pascal"
"1474","eternity"
"1475","incent"
"1478","decent"
"1480","golos"
"1483","vslice"
"1492","obyte"
"1495","posw-coin"
"1496","luna-coin"
"1500","wings"
"1503","darcrus"
"1504","inflationcoin"
"1505","spectrecoin"
"1509","benjirolls"
"1510","cryptocarbon"
"1511","purevidz"
"1514","icobid"
"1515","ibank"
"1518","maker"
"1521","komodo"
"1522","firstcoin"
"1527","waves-community-token"
"1528","iconic"
"1531","global-cryptocurrency"
"1542","golos-gold"
"1546","centurion"
"1552","melon"
"1556","chronobank"
"1558","argus"
"1562","swarm-city"
"1567","nano"
"1576","milocoin"
"1578","zero"
"1582","netko"
"1586","ark"
"1587","dynamic"
"1588","tokes"
"1590","mercury"
"1592","taas"
"1596","edgeless"
"1597","bankcoin"
"1605","universe"
"1606","solaris"
"1609","asch"
"1611","dubaicoin-dbix"
"1616","guppy"
"1617","ultimate-secure-cash"
"1619","skycoin"
"1623","blazercoin"
"1628","happycoin"
"1629","zennies"
"1630","coinonat"
"1632","concoin"
"1637","rlc"
"1638","trust"
"1643","wavesgo"
"1650","procurrency"
"1651","speedcash"
"1654","bitcore"
"1657","bitvolt"
"1658","lunyr"
"1659","gnosis-gno"
"1660","monolith"
"1669","humaniq"
"1671","iticoin"
"1673","minereum"
"1674","cannation"
"1677","etheroll"
"1678","insanecoin-insn"
"1680","aragon"
"1681","prizm"
"1683","roulettetoken"
"1684","qtum"
"1686","equitrader"
"1687","digital-money-bits"
"1691","project-x"
"1693","theresa-may-coin"
"1694","sumokoin"
"1697","basic-attention-token"
"1698","zencash"
"1700","aeternity"
"1702","version"
"1703","metaverse"
"1704","eboostcoin"
"1706","aidos-kuneen"
"1708","patientory"
"1710","veritaseum"
"1711","electra"
"1712","quantum-resistant-ledger"
"1714","encryptotel"
"1715","mobilego"
"1719","peerplays-ppy"
"1720","iota"
"1721","mysterium"
"1722","more-coin"
"1723","sonm"
"1725","adelphoi"
"1726","zrcoin"
"1727","bancor"
"1731","globaltoken"
"1732","numeraire"
"1736","unify"
"1737","xel"
"1739","miners-reward-token"
"1745","dinastycoin"
"1747","onix"
"1750","gxchain"
"1751","atc-coin"
"1754","bitradio"
"1755","flash"
"1757","funfair"
"1758","tenx"
"1759","status"
"1762","ergo"
"1763","briacoin"
"1765","eos"
"1768","adx-net"
"1769","denarius-dnr"
"1771","dao-casino"
"1772","storj"
"1774","socialcoin-socc"
"1775","adtoken"
"1776","crypto-com"
"1777","cryptoping"
"1779","wagerr"
"1782","ecobit"
"1784","polybius"
"1785","gas"
"1786","suncontract"
"1787","jetcoin"
"1788","metal"
"1789","populous"
"1799","rupee"
"1803","peepcoin"
"1807","santiment"
"1808","omisego"
"1809","terranova"
"1810","cvcoin"
"1814","metrix-coin"
"1816","civic"
"1817","ethos"
"1819","starta"
"1824","bitcoal"
"1825","litebitcoin"
"1826","particl"
"1828","smartcash"
"1830","skincoin"
"1831","bitcoin-cash"
"1832","harmonycoin-hmc"
"1833","toacoin"
"1834","pillar"
"1836","signatum"
"1838","oraclechain"
"1839","binance-coin"
"1841","primalbase"
"1843","embercoin"
"1845","ixledger"
"1846","geysercoin"
"1850","cream"
"1852","kekcoin"
"1853","oax"
"1856","district0x"
"1861","stox"
"1864","blox"
"1865","wink"
"1866","bytom"
"1869","mao-zedong"
"1873","blocktix"
"1876","dentacoin"
"1877","rupaya"
"1878","shadow-token"
"1881","deeponion"
"1882","blockcat"
"1883","adshares"
"1886","dent"
"1888","investfeed"
"1894","the-champcoin"
"1896","0x"
"1899","yoyow"
"1902","mybit"
"1903","hypercash"
"1905","trueflip"
"1908","nebulas-token"
"1912","dalecoin"
"1915","adcoin"
"1916","biblepay"
"1918","achain"
"1921","sigmacoin"
"1922","monacocoin"
"1923","tierion"
"1925","waltonchain"
"1926","brat"
"1930","primas"
"1931","opus"
"1933","suretly"
"1934","loopring"
"1935","litecoin-ultra"
"1937","poet"
"1944","moving-cloud-coin"
"1947","monetha"
"1948","aventus"
"1949","agrello-delta"
"1950","hiveterminal-token"
"1951","vsync-vsx"
"1954","moeda-loyalty-points"
"1955","neblio"
"1956","vivo"
"1958","tron"
"1959","oceanlab"
"1961","imbrex"
"1962","buzzcoin"
"1963","credo"
"1966","decentraland"
"1967","indorse-token"
"1968","xpa"
"1969","sociall"
"1970","atbcoin"
"1974","propy"
"1975","chainlink"
"1976","blackmoon"
"1982","kyber-network"
"1983","vibe"
"1984","substratum"
"1985","chronologic"
"1988","lampix"
"1989","cos"
"1990","bitdice"
"1991","rivetz"
"1993","kin"
"1996","salt"
"1998","ormeus-coin"
"1999","kolion"
"2001","colossusxt"
"2002","trezarcoin"
"2005","obsidian"
"2006","cobinhood"
"2007","regalcoin"
"2008","msd"
"2009","bismuth"
"2010","cardano"
"2011","tezos"
"2012","voisecom"
"2013","infinity-economics"
"2015","attention-token-of-media"
"2017","kick-token"
"2018","encryptotel-eth"
"2019","viberate"
"2021","rchain"
"2022","internxt"
"2027","cryptonex"
"2030","real"
"2031","hubii-network"
"2032","crystal-clear"
"2033","bridgecoin"
"2034","everex"
"2036","paypie"
"2040","alis"
"2041","bitcoinz"
"2042","hellogold"
"2043","cindicator"
"2044","enigma"
"2047","zeusshield"
"2048","ethereumcash"
"2051","authorship"
"2056","piplcoin"
"2057","eidoo"
"2058","airswap"
"2060","change"
"2061","blockmason"
"2062","aion"
"2063","tracto"
"2064","maecenas"
"2065","xgox"
"2066","everus"
"2069","open-trading-network"
"2070","domraider"
"2071","request"
"2076","ethereum-blue"
"2078","life"
"2081","amber"
"2083","bitcoin-gold"
"2087","kucoin-shares"
"2088","exrnchain"
"2089","clearpoll"
"2090","latoken"
"2091","exchange-union"
"2092","nuls"
"2093","bitcoin-red"
"2094","paragon"
"2095","boscoin"
"2096","ripio-credit-network"
"2099","icon"
"2100","javascript-token"
"2101","ethereum-lite"
"2103","intelligent-trading-foundation"
"2104","iethereum"
"2105","pirl"
"2107","luxcoin"
"2110","dovu"
"2112","red-pulse"
"2119","btcmoon"
"2120","etherparty"
"2122","ellaism"
"2126","flypme"
"2127","ebtcnew"
"2130","enjin-coin"
"2131","ibtc"
"2132","power-ledger"
"2134","grid"
"2135","revain"
"2136","atlant"
"2137","electroneum"
"2139","minexcoin"
"2140","altcommunity-coin"
"2142","force"
"2143","streamr-datacoin"
"2144","shield-xsh"
"2147","eltcoin"
"2148","desire"
"2149","unikoin-gold"
"2151","autonio"
"2153","aeron"
"2158","phore"
"2160","innova"
"2161","raiden-network-token"
"2162","delphy"
"2165","erc20"
"2166","tiesdb"
"2168","grimcoin"
"2172","emphy"
"2175","decent-bet"
"2176","decision-token"
"2178","upfiring"
"2180","student-coin"
"2181","genesis-vision"
"2184","privatix"
"2185","lethean"
"2191","paypex"
"2198","viuly"
"2199","alqo"
"2200","gobyte"
"2201","win-coin"
"2204","b2bx"
"2205","phantomx"
"2208","encrypgen"
"2209","ink"
"2212","quantstamp"
"2213","qash"
"2215","energo"
"2219","spankchain"
"2221","votecoin"
"2222","bitcoin-diamond"
"2223","blockv"
"2230","monkey-project"
"2231","flixxo"
"2235","time-new-bank"
"2236","mywish"
"2237","eventchain"
"2239","aave"
"2240","ongsocial"
"2241","ccore"
"2242","qbao"
"2243","dragonchain"
"2244","payfair"
"2245","presearch"
"2246","cybermiles"
"2247","blockcdn"
"2248","cappasity"
"2249","eroscoin"
"2251","iot-chain"
"2253","jiyo-old"
"2255","social-send"
"2256","bonpay"
"2257","nekonium"
"2258","snov"
"2260","bulwark"
"2262","comsa-eth"
"2266","comsa-xem"
"2267","tael"
"2269","wandx"
"2270","sportyco"
"2271","verify"
"2272","soma"
"2273","uquid-coin"
"2274","medishares"
"2275","prochain"
"2276","ignis"
"2277","smartmesh"
"2278","hollywoodcoin"
"2279","playkey"
"2280","filecoin"
"2281","bitcoinx"
"2282","super-bitcoin"
"2283","datum"
"2286","micromoney"
"2287","lockchain"
"2288","worldcore"
"2289","gifto"
"2290","yenten"
"2291","genaro-network"
"2293","united-bitcoin"
"2295","starbase"
"2296","ost"
"2297","storm"
"2298","dynamic-trading-rights"
"2299","aelf"
"2300","wax"
"2303","medibloc"
"2305","naga"
"2306","bread"
"2307","bibox-token"
"2308","single-collateral-dai"
"2309","sophiatx"
"2310","bounty0x"
"2311","ace"
"2312","dimcoin"
"2313","sirin-labs-token"
"2314","cryptopay"
"2315","html-coin"
"2316","deepbrain-chain"
"2318","neumark"
"2320","utrust"
"2321","qlink"
"2323","herocoin"
"2324","bigone-token"
"2325","matryx"
"2327","olympus-labs"
"2329","hyper-pay"
"2330","pylon-network"
"2332","straks"
"2333","fidentiax"
"2334","bitclave"
"2335","lightning-bitcoin"
"2336","game"
"2337","lamden"
"2340","bloomtoken"
"2341","swftcoin"
"2342","covesting"
"2343","canyacoin"
"2344","appcoins"
"2345","high-performance-blockchain"
"2346","waykichain"
"2348","measurable-data-token"
"2349","mixin"
"2352","coinlancer"
"2354","get-protocol"
"2355","op-coin"
"2356","cfun"
"2357","aidoc"
"2358","content-and-ad-network"
"2359","polis"
"2360","hacken"
"2361","show"
"2363","zap"
"2364","tokenclub"
"2366","fairgame"
"2367","aigang"
"2368","rebl"
"2369","insolar"
"2370","bitcoin-god"
"2371","uttoken"
"2372","cdx-network"
"2374","bitdegree"
"2375","qunqun"
"2376","topchain"
"2377","leverj"
"2379","kcash"
"2380","atn"
"2381","spectre-dividend"
"2382","spectre-utility"
"2383","jingtum-tech"
"2384","vezt"
"2386","kz-cash"
"2387","bitcoin-atom"
"2389","ugchain"
"2390","bankex"
"2391","echolink"
"2392","bottos"
"2394","telcoin"
"2395","ignition"
"2396","weth"
"2398","selfkey"
"2399","int-chain"
"2400","oneroot-network"
"2402","sense"
"2403","moac"
"2404","tokyo"
"2405","iostoken"
"2406","investdigital"
"2407","aichain"
"2408","qube"
"2410","spacechain"
"2411","galactrum"
"2413","ethouse"
"2414","realchain"
"2415","arbitragect"
"2416","theta"
"2418","maverick-chain"
"2419","profile-utility-token"
"2420","nitro"
"2421","insurepal"
"2422","idex-membership"
"2424","singularitynet"
"2425","global-awards-token"
"2426","sharex"
"2427","chatcoin"
"2428","scryinfo"
"2429","mobius"
"2430","hydro-protocol"
"2432","starchain"
"2433","ipchain"
"2434","maggie"
"2435","lightchain"
"2436","reftoken"
"2437","yee"
"2438","acute-angle-cloud"
"2439","selfsell"
"2440","read"
"2441","molecular-future"
"2443","trinity-network-credit"
"2444","c20"
"2445","block-array"
"2446","data"
"2447","crpt"
"2448","sparkspay"
"2450","carvertical"
"2452","tokenbox"
"2453","educare"
"2454","unlimitedip"
"2455","pressone"
"2456","ofcoin"
"2457","truechain"
"2458","odyssey"
"2459","indahash"
"2460","qbic"
"2461","guess"
"2462","aidcoin"
"2464","devery"
"2465","blockport"
"2466","axpire"
"2467","origintrail"
"2468","linkeye"
"2469","zilliqa"
"2470","coinmeet"
"2471","smartlands"
"2472","fortuna"
"2473","all-sports"
"2474","matrix-ai-network"
"2475","garlicoin"
"2476","ruff"
"2477","nework"
"2478","coinfi"
"2479","equal"
"2480","qitmeer"
"2481","zeepin"
"2482","cpchain"
"2483","oceanchain"
"2484","hi-mutual-society"
"2488","valuechain"
"2489","bitwhite"
"2490","cargox"
"2491","caixapay"
"2492","elastos"
"2493","stk"
"2495","pareto-rewards"
"2496","polymath-network"
"2497","medical-chain"
"2498","jibrel-network"
"2499","swissborg"
"2500","zilla"
"2501","adbank"
"2502","huobi-token"
"2503","dmarket"
"2504","iungo"
"2505","bluzelle"
"2506","swarm-fund"
"2507","thekey"
"2509","ethersportz"
"2510","datawallet"
"2511","wepower"
"2512","ucash"
"2513","goldmint"
"2514","shekel"
"2515","acchain"
"2516","mktcoin"
"2517","animation-vision-cash"
"2518","locicoin"
"2521","biocoin"
"2522","superior-coin"
"2524","universa"
"2525","alphacat"
"2526","envion"
"2527","sureremit"
"2528","dether"
"2529","cashaa"
"2530","fusion"
"2533","restart-energy-mwat"
"2535","edge"
"2536","neurotoken"
"2537","gems-protocol"
"2538","nectar"
"2539","ren"
"2540","litecoin-cash"
"2541","storiqa"
"2542","tidex-token"
"2543","copytrack"
"2544","nucleus-vision"
"2545","arcblock"
"2546","remme"
"2547","experty"
"2548","poa"
"2549","ink-protocol"
"2551","bezop"
"2552","iht-real-estate-protocol"
"2553","refereum"
"2554","lympo"
"2556","credits"
"2557","bee-token"
"2558","insights-network"
"2559","cube"
"2561","bit-tube"
"2562","education-ecosystem"
"2563","trueusd"
"2564","hoqu"
"2565","startercoin"
"2566","ontology"
"2567","datx"
"2568","jet8"
"2569","coinpoker"
"2570","tomochain"
"2571","graft"
"2572","babb"
"2573","electrifyasia"
"2575","bitcoin-private"
"2576","tokenomy"
"2577","ravencoin"
"2578","te-food"
"2579","shipchain"
"2580","leadcoin"
"2581","sharpe-platform-token"
"2582","lala-world"
"2583","octoin-coin"
"2585","centrality"
"2586","synthetix-network-token"
"2588","loom-network"
"2589","guaranteed-ethurance-token-extra"
"2591","dropil"
"2592","banca"
"2593","dragon-coins"
"2595","nanjcoin"
"2596","ckusd"
"2597","uptoken"
"2598","banyan-network"
"2599","noah-coin"
"2601","1world"
"2602","napoleonx"
"2603","pundi-x"
"2604","bitgreen"
"2605","bnktothefuture"
"2606","wanchain"
"2607","amlt"
"2608","mithril"
"2609","lendroid-support-token"
"2610","peculium"
"2611","signal-token"
"2612","bitrent"
"2614","blitzpredict"
"2615","blocklancer"
"2616","stipend"
"2617","ip-exchange"
"2618","stockchain"
"2619","bitstation"
"2620","switcheo"
"2621","consensus"
"2622","clearcoin"
"2624","sentinel-chain"
"2625","vision-industry-token"
"2626","friends"
"2627","tokenpay"
"2628","rentberry"
"2629","scala"
"2630","polyswarm"
"2631","odem"
"2633","stakenet"
"2634","xinfin-network"
"2635","tokendesk"
"2638","cortex"
"2641","apex"
"2642","cybervein"
"2643","sentinel"
"2644","eosdac"
"2645","u-network"
"2646","adhive"
"2647","snipcoin"
"2648","bitsum"
"2649","deviantcoin"
"2650","commerceblock"
"2653","auctus"
"2655","monero-classic"
"2656","daneel"
"2658","syncfab"
"2659","dignity"
"2660","aditus"
"2661","tripio"
"2662","haven-protocol"
"2663","starcointv"
"2664","crycash"
"2665","dero"
"2666","effect-ai"
"2667","fintrux-network"
"2669","mark-space"
"2670","pixie-coin"
"2672","srcoin"
"2673","own"
"2674","masari"
"2675","dock"
"2676","phi-token"
"2678","b2bcoin"
"2679","decentralized-machine-learning"
"2680","hbz-coin"
"2681","origami"
"2682","holo"
"2683","trakinvest"
"2685","zebi"
"2686","lendingblock"
"2687","proxeus"
"2688","vipstar-coin"
"2689","rublix"
"2690","biotron"
"2691","penta"
"2692","nebula-ai"
"2693","loopring-neo"
"2694","nexo"
"2695","verime"
"2696","daex"
"2698","hydrogen"
"2699","sharder"
"2700","celsius"
"2701","trustnote"
"2702","bitcoin-interest"
"2703","betterbetting"
"2704","transcodium"
"2705","amon"
"2707","flip"
"2708","crowd-machine"
"2709","morpheus-labs"
"2711","doc-com-token"
"2712","mytoken"
"2713","key"
"2714","nexty"
"2715","connectjob"
"2717","boutspro"
"2718","pal-network"
"2719","cybereits"
"2720","parkgene"
"2721","apr-coin"
"2722","ac3"
"2723","fuzex"
"2724","zippie"
"2725","skrumble-network"
"2726","daostack"
"2727","bezant"
"2728","winding-tree"
"2729","tokenstars"
"2731","utrum"
"2732","aston"
"2733","freyrchain"
"2734","edu-coin"
"2735","content-neutrality-network"
"2736","insurchain"
"2737","global-social-chain"
"2739","digix-gold-token"
"2740","influence-chain"
"2741","intelligent-investment-chain"
"2742","sakura-bloom"
"2745","joint-ventures"
"2746","greenpower"
"2747","blockmesh"
"2748","loki"
"2749","signals-network"
"2751","fundrequest"
"2752","datarius-credit"
"2753","colu-local-network"
"2754","heronode"
"2755","hero"
"2757","callisto-network"
"2758","unibright"
"2759","patron"
"2760","libra-credit"
"2762","open-platform"
"2763","morpheus-network"
"2764","silent-notary"
"2765","xyo"
"2766","cryptaur"
"2767","apis"
"2768","fabric-token"
"2771","red"
"2772","digitex-futures"
"2773","gincoin"
"2774","invacio"
"2775","faceter"
"2776","travala"
"2777","iotex"
"2779","level-up"
"2780","nkn"
"2825","naviaddress"
"2826","zip"
"2827","phantasma"
"2828","spindle"
"2829","repo"
"2830","seele"
"2833","ivy"
"2834","contractnet"
"2835","endor-protocol"
"2836","bigbom"
"2837","0xbtc"
"2838","pchain"
"2840","quarkchain"
"2841","loyalcoin"
"2842","bankera"
"2843","ether-zero"
"2844","shivom"
"2845","medx"
"2846","futurocoin"
"2847","abyss-token"
"2848","paymon"
"2849","hurify"
"2850","traxia"
"2852","engine"
"2854","pikciochain"
"2855","cashbet-coin"
"2856","ceek-vr"
"2857","salpay"
"2858","couchain"
"2859","xmax"
"2861","gochain"
"2862","smartshare"
"2863","hold"
"2865","trittium"
"2866","sentinel-protocol"
"2867","bittwatt"
"2868","constellation"
"2869","merculet"
"2870","fantasygold"
"2871","ubique-chain-of-things"
"2872","energitoken"
"2873","metronome"
"2874","aurora"
"2875","alax"
"2876","ternio"
"2878","digifinextoken"
"2879","origin-sport"
"2880","rate3"
"2882","0chain"
"2883","zinc"
"2884","fsbt-api-token"
"2885","egretia"
"2888","carblock"
"2889","bobs-repair"
"2890","kanadecoin"
"2891","cardstack"
"2892","wowbit"
"2893","on-live"
"2894","otcbtc-token"
"2895","coni"
"2896","mainframe"
"2897","clipper-coin"
"2898","gonetwork"
"2899","thrive-token"
"2900","project-pai"
"2901","fanstime"
"2902","popchain"
"2903","seer"
"2904","ftoken"
"2905","qurito"
"2906","essentia"
"2907","karatgold-coin"
"2908","hashcoin"
"2909","likecoin"
"2910","crowdholding"
"2911","ors-group"
"2912","snowgem"
"2913","data-exchange"
"2914","beekan"
"2915","moss-coin"
"2916","nimiq"
"2918","bit-z-token"
"2919","dws"
"2920","0xcert"
"2921","oneledger"
"2922","atonomi"
"2923","xmct"
"2924","fnkos"
"2926","prasm"
"2927","susd"
"2928","playcoin"
"2929","tgame"
"2930","everipedia"
"2931","engagement-token"
"2932","no-bs-crypto"
"2933","bitmart-token"
"2934","bitkan"
"2935","cdmcoin"
"2936","mtc-mesh-network"
"2937","vite"
"2938","hashgard"
"2939","data-transaction-token"
"2940","sp8de"
"2941","coinex-token"
"2942","aegeus"
"2943","rocket-pool"
"2944","elysian"
"2945","contentbox"
"2946","proton-token"
"2947","sopay"
"2949","kryll"
"2950","lemochain"
"2952","gold-bits-coin"
"2953","blue-whale-exchange"
"2954","wys-token"
"2955","cosmo-coin"
"2956","narrative"
"2957","olive"
"2958","turtlecoin"
"2959","wetoken"
"2960","tourist-token"
"2961","relex"
"2962","chex"
"2963","view"
"2965","vikkytoken"
"2966","fox-trading"
"2968","bridge-protocol"
"2969","globalvillage-ecosystem"
"2970","local-coin-swap"
"2972","zper"
"2973","empowr-coin"
"2974","lightpaycoin"
"2975","fundtoken"
"2976","ryo-currency"
"2977","bitrewards"
"2978","aced"
"2979","linfinity"
"2980","wabnetwork"
"2981","consentium"
"2982","mvl"
"2983","adultchain"
"2984","newton-coin-project"
"2985","arbitrage"
"2986","dacc"
"2987","thingsoperatingsystem"
"2988","pigeoncoin"
"2989","stasis-euro"
"2990","exmr-fdn"
"2991","nix"
"2992","apollo-currency"
"2993","horuspay"
"2994","bitcoin-file"
"2997","dipnet"
"2998","vexanium"
"2999","hdac"
"3001","kwhcoin"
"3002","master-contract-token"
"3004","volt"
"3006","niobio-cash"
"3008","vivid-coin"
"3010","coinsuper-ecosystem-network"
"3011","bitscreener-token"
"3012","vethor-token"
"3013","privcy"
"3014","rightmesh"
"3015","brickblock"
"3016","neurochain"
"3018","kalkulus"
"3020","bhp-coin"
"3021","internationalcryptox"
"3022","zmine"
"3023","semux"
"3024","arionum"
"3026","iov-blockchain"
"3027","webcoin"
"3029","zelcash"
"3030","brokernekonetwork"
"3031","orbis-token"
"3040","cononchain"
"3045","opcoinx"
"3046","blocknode"
"3047","ultranote-coin"
"3048","bitcoin-turbo-koin"
"3050","dystem"
"3051","bitblocks"
"3052","eligma-token"
"3053","you-coin"
"3054","dacsee"
"3055","ebcoin"
"3056","thore-cash"
"3058","esdchain"
"3060","yuan-chain-coin"
"3061","promotion-coin"
"3062","gamblecoin"
"3063","vitae"
"3065","ice-rock-mining"
"3066","bitcapitalvendor"
"3067","xtrd"
"3068","bitcoinote"
"3069","nam-coin"
"3070","litex"
"3071","euno"
"3072","massgrid"
"3073","esports-token"
"3074","experience-token"
"3076","endorsit"
"3077","vechain"
"3078","kind-ads-token"
"3079","x8x-token"
"3080","commercium"
"3081","omnitude"
"3082","vinchain"
"3083","lina"
"3084","blocktrade-token"
"3085","ino-coin"
"3086","kora-network-token"
"3087","croat"
"3088","bitcoin-one"
"3090","wiki-token"
"3091","sapien"
"3092","nuggets"
"3093","bbscoin"
"3094","scorum-coins"
"3095","niobium-coin"
"3096","pundi-x-nem"
"3097","xovbank"
"3101","optitoken"
"3104","giant-coin"
"3105","atlantis-blue-digital-token"
"3106","pkg-token"
"3107","bingocoin"
"3109","ordocoin"
"3110","newstoken"
"3112","bitnation"
"3113","intercrone"
"3115","maximine-coin"
"3116","insight-chain"
"3117","social-lending-token"
"3118","graviocoin"
"3119","alchemint-standards"
"3120","owndata"
"3121","igtoken"
"3123","gsenetwork"
"3125","xdna"
"3126","proximax"
"3127","themis"
"3128","siacashcoin"
"3129","nyerium"
"3131","thingschain"
"3132","ethergem"
"3133","arepacoin"
"3134","eternal-token"
"3135","cedex-coin"
"3136","meetone"
"3137","karma-eos"
"3138","noku"
"3139","dxchain-token"
"3140","ubex"
"3141","blockpass"
"3142","baasid"
"3144","thorecoin"
"3146","cyberfm"
"3147","hycon"
"3148","metamorph"
"3149","netkoin"
"3151","akroma"
"3152","obitan-chain"
"3153","twinkle"
"3154","davinci-coin"
"3155","quant"
"3156","airbloc"
"3158","zcore"
"3159","apollon"
"3160","infinipay"
"3161","savedroid"
"3162","yolocash"
"3163","mero"
"3164","pumapay"
"3165","arion"
"3166","bitcoin-incognito"
"3168","farmatrust"
"3169","hybrid-block"
"3171","heartbout"
"3172","logiscoin"
"3174","fintab"
"3175","ttc"
"3177","seal-network"
"3178","linkey"
"3179","arbidex"
"3181","showhand"
"3182","hitchain"
"3184","gold-poker"
"3186","zen-protocol"
"3188","superedge"
"3189","mainstream-for-the-underground"
"3192","catocoin"
"3193","rrcoin"
"3194","dprating"
"3195","credit-tag-chain"
"3196","know"
"3198","kingxchain"
"3199","cashbery-coin"
"3200","nasdacoin"
"3201","printex"
"3203","lobstex"
"3205","veridocglobal"
"3206","mithril-ore"
"3207","social-activity-token"
"3208","yuki"
"3209","4new"
"3210","mib-coin"
"3212","cottoncoin"
"3215","gentarium"
"3216","delta-chain"
"3217","ontology-gas"
"3218","energi"
"3219","futurax"
"3220","dav-coin"
"3222","bionic"
"3223","dowcoin"
"3224","qubitica"
"3225","bitnewchain"
"3227","traceability-chain"
"3229","centaure"
"3230","vulcano"
"3231","blockchain-quotations-index-token"
"3232","staker"
"3233","ulord"
"3234","xriba"
"3235","folmcoin"
"3236","wintoken"
"3238","abcc-token"
"3240","ethersocial"
"3241","fortknoxster"
"3242","beetle-coin"
"3243","moneytoken"
"3244","mindexcoin"
"3245","ubcoin-market"
"3247","fire-lotto"
"3248","ailink-token"
"3249","usechain-token"
"3250","zoomba"
"3251","parkingo"
"3252","shinechain"
"3253","eosblack"
"3254","mirai"
"3255","cybermusic"
"3256","bitether"
"3257","gazecoin"
"3258","bitup-token"
"3259","youlive-coin"
"3260","amo-coin"
"3261","evencoin"
"3262","cyclean"
"3263","dinero"
"3264","digital-insurance-token"
"3265","havy"
"3266","carebit"
"3267","project-coin"
"3270","e-chat"
"3271","ether-kingdoms-token"
"3273","iqcash"
"3274","carboneum-c8-token"
"3276","savenode"
"3277","vsportcoin"
"3278","peng"
"3279","rotharium"
"3280","realtract"
"3281","quanta-utility-token"
"3282","ti-value"
"3283","foin"
"3285","birake"
"3286","mex"
"3287","abulaba"
"3289","bitcoen"
"3290","elliot-coin"
"3292","carinet"
"3293","olympic"
"3294","bitcoin-adult"
"3295","bumo"
"3296","mindol"
"3297","gene-source-code-chain"
"3298","uralscoin"
"3301","invictus-hyperion-fund"
"3302","uchain"
"3304","mobilinktoken"
"3305","eden"
"3306","gemini-dollar"
"3307","spendcoin"
"3308","xchange"
"3310","allcoin"
"3311","castle"
"3312","evimeria"
"3313","cryptoflow"
"3314","blockparty-boxx-token"
"3315","playgroundz"
"3316","smartofgiving"
"3317","cryptrust"
"3318","countinghouse"
"3320","tcoin"
"3321","bunnytoken"
"3323","paycent"
"3324","pluracoin"
"3325","robotina"
"3327","six"
"3328","cmitcoin"
"3329","fantasy-sports"
"3330","paxos-standard"
"3331","crowdwiz"
"3332","gossipcoin"
"3333","sola-token"
"3334","x-cash"
"3335","shard"
"3336","iqeon"
"3337","qchi"
"3338","paxex"
"3340","mallcoin"
"3341","phonecoin"
"3343","anon"
"3344","ecoreal-estate"
"3345","daps-token"
"3347","carat"
"3348","mnpcoin"
"3349","goldenpyrex"
"3350","dach-coin"
"3351","zb"
"3352","midasprotocol"
"3354","tronclassic"
"3355","azart"
"3356","the-midas-touch-gold"
"3357","digital-asset-guarantee-token"
"3358","helper-search-token"
"3359","witchain"
"3360","eristica"
"3361","webchain"
"3362","auxilium"
"3363","wxcoins"
"3364","platincoin"
"3365","verisafe"
"3366","safeinsure"
"3367","cryptaldash"
"3369","kuende"
"3371","mir-coin"
"3373","bethereum"
"3374","ragnarok"
"3376","darcio-ecosystem-coin"
"3377","genesisx"
"3380","wizbl"
"3381","civitas"
"3382","cardbuyers"
"3383","knekted"
"3384","benz"
"3385","giga"
"3386","actinium"
"3387","blast"
"3388","free-coin"
"3389","tolar"
"3390","quantis-network"
"3393","masternet"
"3395","steepcoin"
"3397","neural-protocol"
"3398","scriv-network"
"3399","wispr"
"3400","x12-coin"
"3402","ifoods-chain"
"3403","eaglex"
"3404","wixlar"
"3406","block-chain-com"
"3407","ondori"
"3408","usd-coin"
"3409","etheera"
"3410","bitspace"
"3412","simmitri"
"3413","ndex"
"3414","zeusnetwork"
"3415","buggyra-coin-zero"
"3416","digiwage"
"3417","future1coin"
"3418","metadium"
"3419","quasarcoin"
"3421","primestone"
"3422","shping"
"3423","sharpay"
"3424","qyno"
"3426","incodium"
"3427","agrolot"
"3429","cyber-movie-chain"
"3431","iconiq-lab-token"
"3432","rapids"
"3433","eunomia"
"3435","snetwork"
"3436","simdaq"
"3437","abbc-coin"
"3438","oxycoin"
"3439","idealcash"
"3440","airwire"
"3441","divi"
"3442","indinode"
"3444","kun"
"3446","zenswap-network-token"
"3447","atheios"
"3448","commerce-data-connection"
"3449","mmocoin"
"3451","bloc-money"
"3452","ether-1"
"3454","decentralized-asset-trading-platform"
"3455","deex"
"3456","plusonecoin"
"3457","iridium"
"3458","ztcoin"
"3459","gohelpfund"
"3460","bitcoinus"
"3461","playcoin-erc20"
"3463","rpicoin"
"3464","cheesecoin"
"3465","alt-estate-token"
"3466","insureum"
"3467","helium"
"3468","fivebalance"
"3469","truedeck"
"3470","dragon-token"
"3471","robet"
"3472","jsecoin"
"3474","yeed"
"3475","box-token"
"3476","italian-lira"
"3477","asura-coin"
"3478","bitmoney"
"3479","model-x-coin"
"3480","stronghands-masternode"
"3481","peony"
"3482","teloscoin"
"3484","waletoken"
"3485","game-stars"
"3487","pedity"
"3488","gravity"
"3489","escroco-emerald"
"3490","valuto"
"3491","ezoow"
"3492","vetri"
"3497","bitcoin-zero"
"3498","capdaxtoken"
"3499","liquidity-network"
"3501","cryptosoul"
"3503","communitygeneration"
"3504","hondaiscoin"
"3505","typerium"
"3506","ionchain"
"3507","microbitcoin"
"3508","bzlcoin"
"3509","provoco-token"
"3510","traid"
"3512","alpha-coin"
"3513","fantom"
"3514","sinovate"
"3515","dex"
"3517","sonder"
"3519","breezecoin"
"3520","visionx"
"3521","paws-fund"
"3522","messe-token"
"3523","snodecoin"
"3580","crystal-token"
"3581","kleros"
"3582","medibit"
"3583","posscoin"
"3584","tv-two"
"3585","weshow-token"
"3586","bitcoin-x"
"3587","bgogo-token"
"3588","absolute"
"3589","ethereum-meta"
"3590","crypticcoin"
"3592","coin-lion"
"3595","palletone"
"3596","nerva"
"3597","intervalue"
"3598","optimal-shelf-availability-token"
"3599","etherinc"
"3600","humanscape"
"3602","bitcoin-sv"
"3603","menlo-one"
"3604","skyhub-coin"
"3605","vites"
"3607","vestchain"
"3608","howdoo"
"3609","cwv-chain"
"3610","micromines"
"3611","noir"
"3612","business-credit-alliance-chain"
"3613","dash-green"
"3615","hyperquant"
"3616","blockchain-certified-data-token"
"3617","ilcoin"
"3618","stacs"
"3619","beat"
"3620","atlas-protocol"
"3621","bitnautic-token"
"3622","nos"
"3624","zealium"
"3625","quadrantprotocol"
"3626","rsk-smart-bitcoin"
"3627","block-logic"
"3628","machine-xchange-coin"
"3629","lrm-coin"
"3631","foam"
"3632","opacity"
"3633","bitguild-plat"
"3634","kambria"
"3635","crypto-com-coin"
"3636","lisk-machine-learning"
"3637","aergo"
"3638","skychain"
"3639","playgame"
"3640","livepeer"
"3642","trade-token-x"
"3643","tena"
"3644","travelnote"
"3645","shivers"
"3646","herbalist-token"
"3648","coinus"
"3649","plus-coin"
"3650","cova"
"3651","next-exchange"
"3652","zumcoin"
"3653","baer-chain"
"3655","fiii"
"3656","beacon"
"3657","lambda"
"3658","fountain"
"3659","quinads"
"3660","usdcoin"
"3661","stronghold-token"
"3662","hedgetrade"
"3663","footballcoin"
"3664","agavecoin"
"3665","impleum"
"3666","ultiledger"
"3667","atomic-wallet-coin"
"3668","proxynode"
"3669","winco"
"3670","romtoken"
"3671","almeela"
"3672","dogecash"
"3673","bitmax-token"
"3677","roiyal-coin"
"3678","icobay"
"3679","snapcoin"
"3681","centercoin"
"3682","italo"
"3683","aencoin"
"3684","bitcoiin"
"3685","btc-lite"
"3686","content-value-network"
"3687","bitball"
"3688","mox"
"3689","mocrow"
"3690","bulleon"
"3691","kuai-token"
"3692","tokok"
"3693","m2o"
"3694","inmax"
"3695","hyperion"
"3696","spectrumcash"
"3697","gamblica"
"3698","observer"
"3700","centauri"
"3701","rif-token"
"3702","beam"
"3703","adamant-messenger"
"3704","v-systems"
"3705","dexter"
"3706","albos"
"3707","t-os"
"3708","exosis"
"3709","grin"
"3710","sdchain"
"3711","plair"
"3712","cloudbric"
"3713","wibson"
"3714","lto-network"
"3715","cajutel"
"3716","amoveo"
"3717","wrapped-bitcoin"
"3718","bittorrent"
"3719","stableusd"
"3720","sdusd"
"3721","huobi-pool-token"
"3722","temco"
"3724","solve"
"3726","bidooh-dooh-token"
"3727","flowchain"
"3728","halo-platform"
"3729","wollo"
"3730","the-currency-analytics"
"3731","playchip"
"3732","conceal"
"3733","s4fe"
"3734","ela-coin"
"3735","vegawallet-token"
"3737","btu-protocol"
"3738","decentralized-crypto-token"
"3739","constant"
"3740","blacer-coin"
"3741","eurocoin-token"
"3742","chimpion"
"3743","qusd"
"3744","webn-token"
"3745","bingo-fun"
"3746","electrumdark"
"3747","aunite"
"3748","hxro"
"3749","icechain"
"3750","experience-chain"
"3751","stakinglab"
"3752","uplexa"
"3753","platoncoin"
"3754","everycoin"
"3755","moneynet"
"3756","metahash"
"3757","gmb"
"3758","max-property-group"
"3759","jinbi-token"
"3760","scanetchain"
"3762","1sg"
"3763","oduwa"
"3764","save-environment-token"
"3766","fatcoin"
"3767","1x2-coin"
"3768","pibble"
"3769","hashsbx"
"3770","customcontractnetwork"
"3771","ethereumx"
"3772","stem-cell-coin"
"3773","fetch"
"3774","maincoin"
"3775","win-win"
"3776","goldfund"
"3777","spectrum"
"3778","evos"
"3779","cotrader"
"3780","sparkle"
"3782","onotoken"
"3783","ankr"
"3784","ovcode"
"3785","aidus-token"
"3786","lunes"
"3787","innovative-bioresearch-classic"
"3788","next"
"3789","boltt-coin"
"3790","robocalls"
"3791","jewel"
"3792","araw"
"3793","galilel"
"3794","cosmos"
"3795","zeon"
"3796","mesg"
"3797","bitex-global-xbx-coin"
"3798","xuez"
"3799","safecoin"
"3800","fidex-token"
"3801","bora"
"3803","diruna"
"3804","spectrum-network"
"3805","boat-pilot-token"
"3806","tigercash"
"3807","litecoin-token"
"3808","cointorox"
"3809","dos-network"
"3810","ethereum-gold-project"
"3811","intellishare"
"3812","flexacoin"
"3813","pton"
"3814","celer-network"
"3815","eterbase-coin"
"3816","verasity"
"3818","gopower"
"3819","gamb"
"3820","buck-hath-coin"
"3821","qredit"
"3822","theta-fuel"
"3823","olxa"
"3824","vanta-network"
"3825","publyto-token"
"3826","top"
"3827","buddy"
"3828","japan-content-token"
"3829","nash-exchange"
"3830","veil"
"3831","safe-haven"
"3832","big-bang-game-coin"
"3833","hypnoxys"
"3834","dexter-g"
"3835","orbs"
"3836","hot-token"
"3837","mfcoin"
"3838","esportbits"
"3839","bitcoin-rhodium"
"3840","1irstcoin"
"3841","stellarpay"
"3842","caspian"
"3843","bolt"
"3844","xtock"
"3845","v-id"
"3846","veriblock"
"3847","contents-protocol"
"3848","ooobtc-token"
"3849","when-token"
"3850","otocash"
"3851","airline-and-life-networking-token"
"3852","huddl"
"3853","multivac"
"3854","unification"
"3855","locus-chain"
"3856","sf-capital"
"3858","fnb-protocol"
"3859","paytomat"
"3860","blockcloud"
"3861","infinitus-token"
"3862","scopuly"
"3863","ugas"
"3864","utemis"
"3865","bizkey"
"3866","conun"
"3867","neoworld-cash"
"3869","alpha-token"
"3870","lition"
"3871","newton"
"3872","bilaxy-token"
"3873","botxcoin"
"3874","irisnet"
"3875","valor-token"
"3876","entercoin"
"3877","webdollar"
"3878","swap"
"3879","esbc"
"3880","oceanex-token"
"3881","bitstash"
"3882","arqma"
"3883","quickx-protocol"
"3884","function-x"
"3885","wpp-token"
"3886","icocalendar-today"
"3888","bitceo"
"3889","natmin-pure-escrow"
"3890","matic-network"
"3891","v-dimension"
"3893","now-token"
"3894","crypto-sports"
"3895","matrexcoin"
"3896","horyoutoken"
"3897","okb"
"3898","axe"
"3902","monero-v"
"3904","electronic-energy-coin"
"3905","duo-network-token"
"3907","bitcash"
"3908","decimated"
"3909","spider-vps"
"3910","peos"
"3911","ocean-protocol"
"3912","w-green-pay"
"3913","titan-coin"
"3914","glitzkoin"
"3915","merebel"
"3916","thorenext"
"3917","sentivate"
"3918","safe"
"3919","doge-token"
"3920","diamond-platform-token"
"3921","hilux"
"3922","tarush"
"3923","venjocoin"
"3924","drep"
"3925","tratok"
"3926","stellar-gold"
"3927","atlas-token"
"3928","idex"
"3929","bqt"
"3930","thunder-token"
"3931","elementeum"
"3932","connect-coin"
"3933","swiftcash"
"3934","cnns"
"3935","sparkpoint"
"3936","gny"
"3937","nnb-token"
"3938","muzika"
"3939","tronipay"
"3940","p2p-global-network"
"3941","fast-access-blockchain"
"3942","qwertycoin"
"3943","neox"
"3944","artfinity"
"3945","harmony"
"3946","carry"
"3947","hashnet-biteco"
"3948","tera"
"3949","asian-fintech"
"3950","netrum"
"3951","pirate-chain"
"3952","iotw"
"3953","evedo"
"3954","one-dex"
"3956","bomb"
"3957","unus-sed-leo"
"3958","redfox-labs"
"3959","alluva"
"3960","coineal-token"
"3961","bzedge"
"3962","vodi-x"
"3963","dreamteam-token"
"3964","reserve-rights"
"3965","touchcon"
"3966","bitcoinhd"
"3967","eva-cash"
"3968","elitium"
"3970","trias"
"3971","gratz"
"3972","trunk-coin"
"3973","aryacoin"
"3974","bitcoin2"
"3975","neutral-dollar"
"3976","bitcoin-confidential"
"3977","sport-and-leisure"
"3978","chromia"
"3980","tcash"
"3983","phv"
"3984","lucky-block-network"
"3985","origo"
"3986","stakecubecoin"
"3987","beldex"
"3988","vnt-chain"
"3989","levelapp-token"
"3990","webflix-token"
"3991","alphacon"
"3992","coti"
"3993","emanate"
"3994","smartup"
"3995","gosama"
"3996","iou"
"3997","blockstamp"
"3998","krios"
"4000","coindom"
"4001","menapay"
"4002","sealblock-token"
"4003","zenon"
"4004","zerobank"
"4005","tratin"
"4006","stpt"
"4007","b91"
"4008","bitcoin-cz"
"4009","izichain"
"4010","sparkster"
"4011","bitsdaq"
"4012","innovaminex"
"4014","mobile-crypto-pay-coin"
"4017","eosdt"
"4018","klimatas"
"4020","usdq"
"4023","bitcoin-bep2"
"4024","raven-protocol"
"4025","futurepia"
"4026","liquid-apps"
"4027","devault"
"4030","algorand"
"4034","jarvis"
"4035","honest"
"4036","contentos"
"4038","moviebloc"
"4039","arpa-chain"
"4041","mx-token"
"4042","coinbig"
"4045","catex-token"
"4047","naka-bodhi-token"
"4048","mgc-token"
"4049","bitbook-gambling"
"4050","oculor"
"4051","parachute"
"4053","q-dao-governance-token"
"4054","ig-gold"
"4056","ampleforth"
"4057","aladdin"
"4058","fibos"
"4060","trustverse"
"4062","bayan-token"
"4063","7eleven"
"4064","usdk"
"4066","chiliz"
"4067","cryptoindex-com-100"
"4068","claymore"
"4069","blockburn"
"4070","gexan"
"4073","spin-protocol"
"4075","cryptofranc"
"4076","ethplode"
"4077","maya-preferred-223"
"4078","super-zero"
"4079","silverway"
"4080","hirego"
"4084","thar-token"
"4086","elrond"
"4088","pdata"
"4089","blockmason-link"
"4090","wirex-token"
"4091","pixel"
"4092","dusk-network"
"4093","uranus"
"4094","spiking"
"4097","x42-protocol"
"4100","qiibee"
"4102","translateme-network-token"
"4103","fleta"
"4105","coinmetro-token"
"4108","en-tan-mo"
"4109","xeuro"
"4110","npcoin"
"4111","idealcoin"
"4113","uni-coin"
"4114","golden-token"
"4115","pivot-token"
"4116","tokpie"
"4118","force-protocol"
"4119","vindax-coin"
"4120","prometeus"
"4124","eos-trust"
"4125","noizchain"
"4128","boom"
"4129","polkadot-iou"
"4131","sealchain"
"4133","yottachain"
"4134","akropolis"
"4137","magic-cube-coin"
"4138","winstars-live"
"4139","brz"
"4142","cubiex"
"4144","truefeedback"
"4152","cryptoverificationcoin"
"4153","bawnetwork"
"4154","asian-dragon"
"4156","imagecoin"
"4157","thorchain"
"4158","five-star-coin-pro"
"4159","mero-currency"
"4162","storeum"
"4163","hype-token"
"4165","credit"
"4167","bitrue-coin"
"4168","cashpayz-token"
"4172","luna"
"4173","levolution"
"4176","dapp-token"
"4178","cpuchain"
"4180","ddkoin"
"4182","gowithmi"
"4183","safex-cash"
"4186","binance-gbp-stable-coin"
"4187","volume-network"
"4188","coinchase"
"4189","ultra"
"4191","noia-network"
"4193","dynamite"
"4194","lnx-protocol"
"4195","ftx-token"
"4196","pledge-coin"
"4199","swace"
"4200","chainx"
"4202","opennity"
"4205","xenoverse"
"4206","wink-tronbet"
"4207","birdchain"
"4209","mb8-coin"
"4212","linktoken"
"4213","uptrennd"
"4214","agrocoin"
"4215","eminer"
"4217","bosagora"
"4220","general-attention-currency"
"4224","mcashchain"
"4225","crex-token"
"4227","gomoney"
"4228","ferrum-network"
"4229","yobit-token"
"4230","lighthouse-token"
"4231","helpico"
"4233","membrana"
"4234","3dcoin"
"4236","asgard"
"4238","everitoken"
"4239","bitcloud-pro"
"4240","custody-token"
"4242","planet"
"4245","enecuum"
"4247","blockium"
"4248","simone"
"4250","zeuxcoin"
"4251","deepcloud-ai"
"4252","stellar-classic"
"4253","cryptobonusmiles"
"4254","hintchain"
"4255","cryptoads-marketplace"
"4257","bitball-treasure"
"4260","aitheon"
"4266","monarch"
"4268","newyork-exchange"
"4269","gatechain-token"
"4272","taklimakan-network"
"4273","sessia"
"4275","cocos-bcx"
"4276","defi"
"4277","decoin"
"4279","swipe"
"4280","12ships"
"4281","bhex-token"
"4283","bitforex-token"
"4284","dabanking"
"4285","lukki-operating-token"
"4286","zenzo"
"4289","ioex"
"4290","emogi-network"
"4291","krypton-galaxy-coin"
"4293","perlin"
"4296","ladder-network-token"
"4297","netbox-coin"
"4298","rapidz"
"4299","tokoin"
"4300","videocoin"
"4301","tutors-diary"
"4307","unicorn-token"
"4309","cryptocean"
"4360","fabrk"
"4361","bitpanda-ecosystem-token"
"4365","streamit-coin"
"4366","mixmarvel"
"4431","vidy"
"4452","bidipass"
"4453","wavesbet"
"4466","ormeus-ecosystem"
"4467","nestree"
"4469","minebee"
"4484","chronocoin"
"4488","kahsh"
"4490","emirex-token"
"4493","amino-network"
"4494","nss-coin"
"4495","vena"
"4496","xcrypt-token"
"4505","midas"
"4508","voltz"
"4520","decentralized-vulnerability-platform"
"4557","usdx"
"4560","tchain"
"4563","uos-network"
"4566","digitalbits"
"4567","oath-protocol"
"4586","probit-token"
"4620","cybr-token"
"4623","gomics"
"4633","cryptobosscoin"
"4634","aerum"
"4642","hedera-hashgraph"
"4644","poseidon-network"
"4646","beaxy"
"4647","publish"
"4660","telos"
"4668","wave-edu-coin"
"4674","whole-network"
"4676","mexc-token"
"4677","tepleton"
"4678","rankingball-gold"
"4679","band-protocol"
"4681","color-platform"
"4682","hyper-speed-network"
"4685","rally"
"4687","binance-usd"
"4688","soverain"
"4694","gaps"
"4695","echoin"
"4701","coinhe-token"
"4702","rupiah-token"
"4703","bonuscloud"
"4705","pax-gold"
"4707","nexxo"
"4708","colletrix"
"4709","xceltoken-plus"
"4712","amond"
"4714","business-credit-substitute"
"4743","cichain"
"4745","cai-token"
"4747","velas"
"4748","dimension-chain"
"4750","versess-coin"
"4752","cutcoin"
"4754","inlock"
"4762","zvchain"
"4765","treelion"
"4766","kaaso"
"4769","eos-force"
"4775","bancacy"
"4777","azbit"
"4778","ebakus"
"4779","husd"
"4782","turtlenetwork"
"4783","dragon-option"
"4785","bitfex"
"4792","agora"
"4793","d-community"
"4797","swapcoinz"
"4804","roobee"
"4805","vndc"
"4806","tesra"
"4809","project-with"
"4815","eurbase"
"4818","xensor"
"4819","dmme"
"4820","alp-coin"
"4822","kappi-network"
"4826","zum-token"
"4831","ethlyte-crypto"
"4835","nova"
"4836","dash-cash"
"4841","suterusu"
"4844","meconcash"
"4845","escx-token"
"4846","kava"
"4847","blockstack"
"4850","linka"
"4854","lambda-space-token"
"4862","dad-chain"
"4867","beatzcoin"
"4868","lukiu"
"4870","meschain"
"4871","secrets-of-zurich"
"4872","benepit-protocol"
"4878","know-your-developer"
"4890","newscrypto-io"
"4895","hyperexchange"
"4899","yap-stone"
"4901","anchor"
"4902","margix"
"4907","fortem-capital"
"4936","loltoken"
"4940","kuverit"
"4941","bispex"
"4942","digital-gold"
"4943","multi-collateral-dai"
"4944","tellor"
"4946","vinci"
"4948","nervos-network"
"4953","firmachain"
"4955","capital-x-cell"
"4958","precium"
